pair,seed,scenario_seed_p1,scenario_seed_p2,engine1,engine2,winner,dead1,dead2,capped,winner_reason,rounds,attack1,attack2,pieces1,pieces2,lines1,lines2,tspin_mini1,tspin_mini2,tspin_single1,tspin_single2,tspin_double1,tspin_double2,tspin_triple1,tspin_triple2,perfect_clear1,perfect_clear2,replay_failures
0,910,18322291271192285932,15854974344552260510,legacy,value,-1,1,0,0,2,94,96,126,93,94,67,66,0,0,7,8,5,3,0,0,0,0,0
0,910,18322291271192285932,15854974344552260510,value,legacy,-1,1,0,0,2,212,206,211,211,212,132,149,3,4,11,17,14,7,0,0,0,0,0
1,910,2501522193354068112,10967562644824395192,legacy,value,1,0,1,0,1,165,178,170,165,164,125,116,3,2,7,8,8,9,0,0,0,0,0
1,910,2501522193354068112,10967562644824395192,value,legacy,-1,1,0,0,2,182,191,204,181,182,136,140,1,5,9,3,12,14,0,0,0,0,0
2,910,9676872483345493652,11490077396828865334,legacy,value,-1,1,0,0,2,236,241,253,235,236,162,165,3,3,17,10,11,14,0,0,0,0,0
2,910,9676872483345493652,11490077396828865334,value,legacy,1,0,1,0,1,168,208,173,168,167,120,124,3,0,10,12,6,6,0,0,1,0,0
3,910,17814008008073911406,3925445385126678396,legacy,value,1,0,1,0,1,985,1002,1068,985,984,761,691,10,5,47,53,54,63,0,0,0,0,0
3,910,17814008008073911406,3925445385126678396,value,legacy,-1,1,0,0,2,71,69,85,70,71,42,48,0,0,4,3,5,5,0,0,0,0,0
4,910,17185949599305952173,9751780328036106507,legacy,value,-1,1,0,0,2,136,127,149,135,136,98,89,2,2,8,5,4,12,0,0,0,0,0
4,910,17185949599305952173,9751780328036106507,value,legacy,1,0,1,0,1,277,291,260,277,276,185,194,5,4,17,8,12,16,0,0,0,0,0
5,910,16859547236073668314,8923546644098705088,legacy,value,-1,1,0,0,2,79,78,89,78,79,49,55,0,0,5,5,5,4,0,1,0,0,0
5,910,16859547236073668314,8923546644098705088,value,legacy,-1,1,0,0,2,215,203,201,214,215,136,151,2,1,11,13,11,12,0,0,0,1,0
6,910,14965712843974722958,16645492102274728365,legacy,value,1,0,1,0,1,119,122,118,119,118,84,78,3,2,8,7,5,7,0,0,0,0,0
6,910,14965712843974722958,16645492102274728365,value,legacy,-1,1,0,0,2,82,74,86,81,82,49,56,1,2,5,4,4,4,0,0,0,0,0
7,910,18391818095462252881,5726560430886086242,legacy,value,1,0,1,0,1,260,275,265,260,259,193,180,2,3,10,17,17,15,0,0,0,0,0
7,910,18391818095462252881,5726560430886086242,value,legacy,-1,1,0,0,2,243,228,245,242,243,155,167,3,2,16,12,12,13,0,0,0,0,0
8,910,11305015603375343480,10288197989527529830,legacy,value,1,0,1,0,1,270,274,280,270,269,205,187,2,1,16,18,15,16,0,0,0,0,0
8,910,11305015603375343480,10288197989527529830,value,legacy,1,0,1,0,1,130,144,126,130,129,92,91,0,2,8,5,7,8,0,0,1,0,0
9,910,9163349138283322577,16078232234316676943,legacy,value,1,0,1,0,1,495,498,516,495,494,366,330,11,5,24,26,25,29,0,0,0,0,0
9,910,9163349138283322577,16078232234316676943,value,legacy,-1,1,0,0,2,363,370,361,362,363,237,263,2,8,18,15,26,17,0,0,0,0,0
10,910,17854290590362372339,12257446252354954439,legacy,value,1,0,1,0,1,60,63,55,60,59,41,31,0,1,2,4,6,4,0,0,0,0,0
10,910,17854290590362372339,12257446252354954439,value,legacy,-1,1,0,0,2,659,709,698,658,659,472,507,6,5,38,36,38,34,0,0,0,0,0
11,910,12162469476974320415,17804926673688917054,legacy,value,-1,1,0,0,2,428,442,480,427,428,324,306,6,4,23,27,19,24,0,0,0,1,0
11,910,12162469476974320415,17804926673688917054,value,legacy,1,0,1,0,1,228,249,220,228,227,141,152,2,3,12,11,15,12,0,0,1,0,0
12,910,5735796247860282032,11790592993732091450,legacy,value,1,0,1,0,1,323,353,361,323,322,237,215,1,3,15,16,14,24,0,0,1,0,0
12,910,5735796247860282032,11790592993732091450,value,legacy,1,0,1,0,1,889,942,917,889,888,656,664,8,10,57,47,45,55,0,0,1,0,0
13,910,2792559971583599656,12026126577121799636,legacy,value,1,0,1,0,1,55,65,46,55,54,35,29,1,0,4,6,2,1,0,0,0,0,0
13,910,2792559971583599656,12026126577121799636,value,legacy,1,0,1,0,1,58,70,47,58,57,35,29,1,0,1,6,5,1,0,0,0,0,0
14,910,4937619088131602316,16321821658261349480,legacy,value,-1,1,0,0,2,91,91,121,90,91,69,63,0,0,7,7,1,4,0,0,0,0,0
14,910,4937619088131602316,16321821658261349480,value,legacy,-1,1,0,0,2,448,485,476,447,448,305,330,4,3,33,25,19,25,0,0,0,0,0
15,910,15751403234734488192,9737551229107577079,legacy,value,1,0,1,0,1,260,288,280,260,259,188,173,4,1,14,16,11,15,0,0,1,2,0
15,910,15751403234734488192,9737551229107577079,value,legacy,1,0,1,0,1,118,122,101,118,117,70,64,1,0,4,5,11,11,0,0,0,0,0
16,910,9806947210364689384,11035167490500454970,legacy,value,-1,1,0,0,2,68,60,82,67,68,42,45,2,2,3,5,3,3,0,0,0,0,0
16,910,9806947210364689384,11035167490500454970,value,legacy,-1,1,0,0,2,72,71,79,71,72,38,52,1,1,4,2,2,3,0,0,0,0,0
17,910,16180374149320193955,16116012233271838714,legacy,value,1,0,1,0,1,25,24,10,25,24,13,4,0,0,3,2,1,1,0,0,0,0,0
17,910,16180374149320193955,16116012233271838714,value,legacy,1,0,1,0,1,256,282,258,256,255,181,181,3,1,15,18,12,10,0,0,0,0,0
18,910,7628413509391057413,11054298641144062891,legacy,value,-1,1,0,0,2,206,195,227,205,206,144,140,1,0,12,15,11,11,0,0,0,1,0
18,910,7628413509391057413,11054298641144062891,value,legacy,1,0,1,0,1,329,354,329,329,328,229,234,3,6,14,17,24,17,0,0,0,0,0
19,910,16950641342175967654,4205905828634792514,legacy,value,1,0,1,0,1,696,700,714,696,695,504,470,6,7,48,40,24,42,0,0,0,0,0
19,910,16950641342175967654,4205905828634792514,value,legacy,1,0,1,0,1,43,44,36,43,42,30,20,0,0,3,2,3,2,0,0,0,1,0
20,910,9753934618354907313,11176302375964664630,legacy,value,1,0,1,0,1,175,187,176,175,174,123,112,2,2,9,10,11,10,0,0,0,0,0
20,910,9753934618354907313,11176302375964664630,value,legacy,1,0,1,0,1,38,52,31,38,37,26,20,0,0,2,2,2,3,0,0,0,0,0
21,910,3275774562856899547,4331745769569399893,legacy,value,1,0,1,0,1,201,203,199,201,200,148,134,3,2,9,10,9,14,0,0,0,0,0
21,910,3275774562856899547,4331745769569399893,value,legacy,-1,1,0,0,2,125,119,124,124,125,81,94,0,0,10,6,7,6,0,0,0,0,0
22,910,15441974955954097966,16152107209152627900,legacy,value,1,0,1,0,1,105,110,93,105,104,67,67,0,2,8,6,5,5,0,0,0,0,0
22,910,15441974955954097966,16152107209152627900,value,legacy,-1,1,0,0,2,473,490,483,472,473,327,347,3,4,31,37,26,20,1,0,1,0,0
23,910,6819697308607634126,2854348484942087509,legacy,value,-1,1,0,0,2,71,64,75,70,71,37,44,2,2,3,3,4,4,0,0,0,0,0
23,910,6819697308607634126,2854348484942087509,value,legacy,-1,1,0,0,2,53,46,57,52,53,27,34,0,0,5,4,2,4,0,0,0,0,0
24,910,4830392501459415909,7891351441533489093,legacy,value,1,0,1,0,1,566,565,584,566,565,424,393,5,5,30,38,28,27,0,0,0,1,0
24,910,4830392501459415909,7891351441533489093,value,legacy,-1,1,0,0,2,375,429,402,374,375,268,303,3,6,26,21,21,18,0,0,0,0,0
25,910,7751818002299324411,2924642511133746053,legacy,value,-1,1,0,0,2,82,67,83,81,82,49,50,1,0,5,5,4,5,0,0,0,0,0
25,910,7751818002299324411,2924642511133746053,value,legacy,-1,1,0,0,2,61,48,53,60,61,26,34,0,1,3,2,5,6,0,0,0,0,0
26,910,18074842203833652848,14006532511897387381,legacy,value,1,0,1,0,1,672,711,685,672,671,476,481,5,6,39,46,37,27,0,0,0,0,0
26,910,18074842203833652848,14006532511897387381,value,legacy,-1,1,0,0,2,157,158,169,156,157,103,106,0,0,13,8,8,13,0,0,0,0,0
27,910,5080446193254510537,7726987578331606847,legacy,value,1,0,1,0,1,41,33,23,41,40,18,11,0,0,2,3,4,2,0,0,0,0,0
27,910,5080446193254510537,7726987578331606847,value,legacy,1,0,1,0,1,46,49,37,46,45,30,24,0,0,3,2,3,4,0,0,0,0,0
28,910,16226160246890435929,13951472204623830769,legacy,value,1,0,1,0,1,334,377,350,334,333,247,248,5,1,19,20,14,18,0,0,0,0,0
28,910,16226160246890435929,13951472204623830769,value,legacy,1,0,1,0,1,94,119,89,94,93,67,71,1,0,6,4,5,5,0,0,0,0,0
29,910,10871405053112162468,14314063567920656129,legacy,value,-1,1,0,0,2,41,28,39,40,41,17,19,1,0,3,2,1,4,0,0,0,0,0
29,910,10871405053112162468,14314063567920656129,value,legacy,1,0,1,0,1,30,35,22,30,29,16,11,1,0,1,1,1,3,0,0,0,0,0
30,910,4383102270537287610,7374082039627622296,legacy,value,1,0,1,0,1,328,337,346,328,327,248,219,2,3,26,19,13,17,0,0,0,0,0
30,910,4383102270537287610,7374082039627622296,value,legacy,-1,1,0,0,2,207,234,235,206,207,144,161,3,0,14,12,9,12,0,0,0,0,0
31,910,15547753239202657169,17772484910764115501,legacy,value,-1,1,0,0,2,64,54,62,63,64,31,39,0,1,6,3,2,4,0,0,1,1,0
31,910,15547753239202657169,17772484910764115501,value,legacy,1,0,1,0,1,338,352,317,338,337,216,228,1,3,20,20,20,16,0,0,1,1,0
